Principal Component,Eigenvalue,Explained Variance Ratio,Cumulative Explained Variance
PC1,25.950240853049127,0.27902244798677334,0.27902244798677334
PC2,9.274441099790023,0.0997207414769907,0.37874318946376406
